special_marks;promocode
{"request id": "9693f50e-44e2-4e5b-88ff-e85e232c391c"};QQ2
{"request id": "34943f3e-a96c-4530-93d4-3e7115f772c6"};ZL4V
{"request id": "15ae049b-3ac7-4a39-84e3-9a9ed5577394"};76L
{"request id": "6e7d4ffc-172f-4682-9791-d86439980a75"};DL8
{"request id": "a65df432-lda8-4dad-a2e6-cl098af2597d"};ZL4V
{"request id": "51f8a86f-a8a5-4923-bff7-99b2a0297381"};QQ2
{"request id": "92f321bf-5672-4cl6-baba-0143653e044c"};DL8
{"request id": "8407c309-5223-47c9-a83d-021b6342c834"};QQ2
{"request id": "b935ed9a-50f8-4fa9-a311-80021aed0d75"};QQ2
{"request id": "f4ed45cc-4d09-4583-bbe4-9506f738b9dd"};QQ2
{"request id": "58e25711-d41e-4506-82c4-dd773a9ca562"};QQ2
{"request id": "2a7aaadb-fcl2-41b4-84eb-56a768732eea"};ZL4V
{"request id": "966377fa-0863-498f-8b6a-2el4beb986b0"};QQ2
{"request id": "7992bale-9087-419b-a79d-e0a9b5b0c04c"};ZL4V
{"request id": "a6f6a57c-lebf-43f8-8915-6f2c24036436"};Q2W9
{"request id": "ffdf6ac4-476c-4684-9456-lc9026440976"};DL8
{"request id": "27fblbe7-2cff-4499-aba4-le2e9d36fdf3"};QQ2
{"request id": "95442a42-c447-4438-b98d-2cbl7fac0af8"};QQ2
{"request id": "47603330-e981-4ebd-aled-ldllc9ab7cc5"};ZL4V
{"request id": "0aabec06-8cbd-41ce-9810-5dcd629817ae"};ZL4V
;
